id,title,author,rating
1,American Psycho,Bret Easton Ellis,3.81
2,1984,George Orwell,4.2
3,Lord of the Flies,William Golding,3.7
4,A Clockwork Orange,Anthony Burgess,
5,Lolita,Vladimir Nabokov,3.87
6,"A Child Called ""It"" (Dave Pelzer, #1)",Dave Pelzer,4.13
7,The Holy Bible: King James Version,Anonymous,4.44
8,"The Handmaid’s Tale (The Handmaid's Tale, #1)",Margaret Atwood,4.14
9,The Road,Cormac McCarthy,3.99
10,Brave New World,Aldous Huxley,3.99
11,It,Stephen        King,4.24
12,Gone Girl,Gillian Flynn,4.14
13,The Girl With the Dragon Tattoo (Millennium #1),Stieg Larsson,4.17
14,"Flowers in the Attic (Dollanganger, #1)",V.C. Andrews,3.85
15,The Zombie Room,R.D. Ronald,3.82
16,A Story of Yesterday,Sergio Cobo,4.55
17,Perfume: The Story of a Murderer,Patrick Süskind,4.04
18,Animal Farm,George Orwell,
19,We Need to Talk About Kevin,Lionel Shriver,4.08
20,Misery,Stephen        King,4.23
21,Night,Elie Wiesel,4.38
22,Haunted,Chuck Palahniuk,3.6
23,Sharp Objects,Gillian Flynn,4.01
24,"The Shining (The Shining, #1)",Stephen        King,4.28
25,The Elephant Tree,R.D. Ronald,3.78
26,Fahrenheit 451,Ray Bradbury,3.96
27,The Lovely Bones,Alice Sebold,3.86
28,The Metamorphosis,Franz Kafka,3.89
29,In Cold Blood,Truman Capote,4.09
30,Shutter Island,Dennis Lehane,4.13
31,Room,Emma Donoghue,4.08
32,"The Hunger Games (The Hunger Games, #1)",Suzanne Collins,4.34
33,The Wasp Factory,Iain Banks,3.76
34,The Diary of a Young Girl,Anne Frank,4.2
35,Local Woman Missing,Mary Kubica,4.13
36,Dark Places,Gillian Flynn,3.95
37,Pet Sematary,Stephen        King,4.07
38,House of Leaves,Mark Z. Danielewski,4.09
39,Hidden Pictures,Jason Rekulak,4.16
40,Fight Club,Chuck Palahniuk,4.18
41,"Blood Meridian, or, the Evening Redness in the West",Cormac McCarthy,4.16
42,Helter Skelter: The True Story of the Manson Murders,Vincent Bugliosi,4.06
43,"Red Dragon (Hannibal Lecter, #1)",Thomas  Harris,4.06
44,Never Let Me Go,Kazuo Ishiguro,3.85
45,The Kite Runner,Khaled Hosseini,4.35
46,The Exorcist,William Peter Blatty,4.2
47,Pretty Girls,Karin Slaughter,4.03
48,The Girl Next Door,Jack Ketchum,3.93
49,No Exit,Taylor  Adams,3.99
50,A Flicker in the Dark,Stacy Willingham,3.99
51,"The Silence of the Lambs  (Hannibal Lecter, #2)",Thomas  Harris,4.25
52,The Last Thing He Told Me,Laura Dave,3.83
53,Final Girls,Riley Sager,3.83
54,Of Mice and Men,John Steinbeck,3.89
55,Then She Was Gone,Lisa Jewell,4.05
56,Behind Closed Doors,B.A. Paris,3.98
57,The 120 Days of Sodom,Marquis de Sade,3.08
58,The Only One Left,Riley Sager,4.14
59,"The Bone Collector (Lincoln Rhyme, #1)",Jeffery Deaver,4.2
60,The Couple Next Door,Shari Lapena,3.81
61,Johnny Got His Gun,Dalton Trumbo,4.2
62,The Yellow Wall-Paper,Charlotte Perkins Gilman,4.08
63,Home Before Dark,Riley Sager,4.06
64,Requiem for a Dream,Hubert Selby Jr.,4.11
65,Go Ask Alice,Beatrice Sparks,3.74
66,Carrie,Stephen        King,3.99
67,Gray After Dark,Noelle W. Ihli,4.24
68,Battle Royale,Koushun Takami,4.26
69,"Trainspotting (Mark Renton, #2)",Irvine Welsh,4.11
70,One Flew Over the Cuckoo’s Nest,Ken Kesey,4.2
71,Blindness,José Saramago,4.18
72,"The Giver (The Giver, #1)",Lois Lowry,4.12
73,Sybil: The Classic True Story of a Woman Possessed by Sixteen Personalities,Flora Rheta Schreiber,3.99
74,The Roommate,Kiersten Modglin,3.85
75,Those Empty Eyes,Charlie Donlea,4.17
76,The Boy in the Striped Pajamas,John Boyne,4.16
77,Push,Sapphire,3.87
78,"Think Twice (Myron Bolitar, #12)",Harlan Coben,4.27
79,The Girl Who Played With Fire (Millennium #2),Stieg Larsson,4.26
80,The Club,Ellery Lloyd,3.29
81,What Lies in the Woods,Kate Alice Marshall,3.95
82,Naked Lunch,William S. Burroughs,3.46
83,Ask for Andrea,Noelle W. Ihli,4.09
84,No One Can Know,Kate Alice Marshall,3.67
85,The Shards,Bret Easton Ellis,
86,"Beloved (Beloved Trilogy, #1)",Toni Morrison,3.97
87,The Collector,John Fowles,3.97
88,"Not Forever, But For Now",Chuck Palahniuk,3.08
89,Look Closer,David Ellis,4.19
90,Wuthering Heights,Emily Brontë,3.9
91,The Color Purple,Alice Walker,4.27
92,The Long Walk,Richard  Bachman,4.07
93,"Breaking Dawn (The Twilight Saga, #4)",Stephenie Meyer,3.75
94,"Captive in the Dark (The Dark Duet, #1)",C.J. Roberts,3.94
95,Frankenstein: The 1818 Text,Mary Wollstonecraft Shelley,3.88
96,The Girl Who Was Taken,Charlie Donlea,4.19
97,The Stranger,Albert Camus,4.03
98,Head Like a Hole,Andrew Van Wey,3.86
99,Geek Love,Katherine Dunn,3.95
100,Invisible Monsters,Chuck Palahniuk,
101,Crime and Punishment,Fyodor Dostoevsky,4.28
102,"Consequences (Consequences, #1)",Aleatha Romig,3.92
103,Keep It in the Family,John Marrs,4.08
104,The Drowning Woman,Robyn Harding,4.05
105,The Catcher in the Rye,J.D. Salinger,3.8
106,Gerald's Game,Stephen        King,3.58
107,"It Ain't Me, Babe (Hades Hangmen, #1)",Tillie Cole,4.04
108,"Tears of Tess (Monsters in the Dark, #1)",Pepper Winters,
109,"Corrupt (Devil's Night, #1)",Penelope Douglas,3.8
110,A Winter Grave,Peter  May,4.07
111,"Souls Unfractured (Hades Hangmen, #3)",Tillie Cole,4.41
112,Big Little Lies,Liane Moriarty,4.31
113,"The Girl in the Eagle's Talons (Millennium, #7)",Karin Smirnoff,3.43
114,"Truth (Consequences, #2)",Aleatha Romig,4.34
115,"Killing Sarai (In the Company of Killers, #1)",J.A. Redmerski,4.08
116,Mystic River,Dennis Lehane,4.17
117,"Unwind (Unwind, #1)",Neal Shusterman,4.17
118,"Mockingjay (The Hunger Games, #3)",Suzanne Collins,4.1
119,The Painted Bird,Jerzy Kosiński,3.91
120,"You (You, #1)",Caroline Kepnes,3.96
121,None of This Is True,Lisa Jewell,4.1
122,Before I Go to Sleep,S.J. Watson,3.9
123,Lock Every Door,Riley Sager,3.89
124,The Girl on the Train,Paula Hawkins,3.96
125,"Twilight (The Twilight Saga, #1)",Stephenie Meyer,3.66
126,Let the Right One In,John Ajvide Lindqvist,4.04
127,"The Housemaid's Secret (The Housemaid, #2)",Freida McFadden,4.22
128,"The Woman in Cabin 10 (Lo Blacklock, #1)",Ruth Ware,3.73
129,Coming Out Straight: Understanding and Healing Homosexuality,Richard Cohen,1.99
130,Never Lie,Freida McFadden,4.09
131,The Woman in the Window,A.J. Finn,3.95
132,Exquisite Corpse,Poppy Z. Brite,3.79
133,The Paris Apartment,Lucy Foley,3.65
134,"The Family Upstairs (The Family Upstairs, #1)",Lisa Jewell,3.96
135,The Stranger Beside Me: Ted Bundy: The Shocking Inside Story,Ann Rule,4.14
136,A Thousand Splendid Suns,Khaled Hosseini,4.44
137,"Hannibal (Hannibal Lecter, #3)",Thomas  Harris,3.82
138,Less Than Zero,Bret Easton Ellis,3.6
139,Cujo,Stephen        King,3.79
140,Fear and Loathing in Las Vegas,Hunter S. Thompson,4.07
141,Schindler’s List,Thomas Keneally,4.34
142,The Glass Castle,Jeannette Walls,4.32
143,Living Dead Girl,Elizabeth Scott,3.78
144,Child of God,Cormac McCarthy,3.83
145,The Stand,Stephen        King,4.35
146,"Fifty Shades of Grey (Fifty Shades, #1)",E.L. James,3.67
147,Last Exit to Brooklyn,Hubert Selby Jr.,3.92
148,White Oleander,Janet Fitch,
149,The Amityville Horror,Jay Anson,3.83
150,The End of Alice,A.M. Homes,3.48
151,"Oryx and Crake (MaddAddam, #1)",Margaret Atwood,4.01
152,Story of the Eye,Georges Bataille,3.65
153,Going Rogue: An American Life,Sarah Palin,3.3
154,The Jungle,Upton Sinclair,3.77
155,The Trial,Franz Kafka,3.95
156,The Virgin Suicides,Jeffrey Eugenides,3.79
157,Crash,J.G. Ballard,3.59
158,Bastard Out of Carolina,Dorothy Allison,4.14
159,Tampa,Alissa Nutting,3.35
160,The Bell Jar,Sylvia Plath,4.06
161,When Rabbit Howls,Truddi Chase,4.05
162,Notes from Underground,Fyodor Dostoevsky,4.18
163,The Tell-Tale Heart,Edgar Allan Poe,4.24
164,The Hot Zone: The Terrifying True Story of the Origins of the Ebola Virus,Richard   Preston,4.15
165,In the Miso Soup,Ryū Murakami,3.62
166,The Complete Maus,Art Spiegelman,4.58
167,"America by Heart: Reflections on Family, Faith, and Flag",Sarah Palin,3.6
168,Cows,Matthew Stokoe,2.75
169,Out,Natsuo Kirino,3.94
170,Slaughterhouse-Five,Kurt Vonnegut Jr.,4.1
171,Under the Banner of Heaven: A Story of Violent Faith,Jon Krakauer,4.01
172,Tess of the D’Urbervilles,Thomas Hardy,3.84
173,A Little Life,Hanya Yanagihara,4.3
174,Lunar Park,Bret Easton Ellis,3.65
175,Thirteen Reasons Why,Jay Asher,3.84
176,The Grapes of Wrath,John Steinbeck,4.02
177,Choke,Chuck Palahniuk,3.71
178,Psycho Save Us,Chad Huskins,3.94
179,Guts,Chuck Palahniuk,3.87
180,"The Girl Who Kicked the Hornet’s Nest (Millennium, #3)",Stieg Larsson,4.24
181,"Rosemary’s Baby (Rosemary's Baby, #1)",Ira Levin,4.05
182,Alice in Wonderland & Through the Looking Glass,Lewis Carroll,4.06
183,The Rape of Nanking: The Forgotten Holocaust of World War II,Iris Chang,4.24
184,Speak,Laurie Halse Anderson,4.05
185,Factotum,Charles Bukowski,3.92
186,"Skagboys (Mark Renton, #1)",Irvine Welsh,4.06
187,One Day in the Life of Ivan Denisovich,Aleksandr Solzhenitsyn,3.98
188,The Devil in the White City,Erik Larson,
189,"Histoire d'O | Story of O (Story of O, #1)",Pauline Réage,3.3
190,To Kill a Mockingbird,Harper Lee,4.26
191,Sophie’s Choice,William Styron,4.17
192,We Have Always Lived in the Castle,Shirley Jackson,3.92
193,The Ruins,Scott        Smith,3.68
194,I Am Legend and Other Stories,Richard Matheson,
195,Tender Is the Flesh,Agustina Bazterrica,3.78
196,Snuff,Chuck Palahniuk,3.22
197,As I Lay Dying,William Faulkner,3.72
198,Zombie,Joyce Carol Oates,3.32
199,"Catching Fire (The Hunger Games, #2)",Suzanne Collins,4.34
200,Running with Scissors,Augusten Burroughs,3.77
201,The Room,Hubert Selby Jr.,3.7
202,My Sister’s Keeper,Jodi Picoult,4.1
203,The Island of Dr. Moreau,H.G. Wells,3.73
204,The Bluest Eye,Toni Morrison,4.12
205,Love You Forever,Robert Munsch,4.38
206,Glamorama,Bret Easton Ellis,3.54
207,"A Game of Thrones (A Song of Ice and Fire, #1)",George R.R. Martin,4.44
208,The Lottery and Other Stories,Shirley Jackson,4.02
209,Rant: An Oral Biography of Buster Casey,Chuck Palahniuk,3.84
210,Lost in Yaba: Down and Out in Laos,Walt Gleeson,3.86
211,Filth,Irvine Welsh,3.81
212,V for Vendetta,Alan             Moore,4.26
213,Lullaby,Chuck Palahniuk,3.74
214,Flowers for Algernon,Daniel Keyes,4.22
215,"Petals on the Wind (Dollanganger, #2)",V.C. Andrews,3.82
216,Columbine,Dave Cullen,4.29
217,Down and Rising,Rohith S. Katbamna,4.7
218,The Tin Drum,Günter Grass,3.95
219,Under the Skin,Michel Faber,3.75
220,The War of the Worlds,H.G. Wells,3.83
221,Different Seasons,Stephen        King,4.36
222,Hiroshima,John Hersey,4.04
223,One Hundred Years of Solitude,Gabriel García Márquez,4.12
224,The Cement Garden,Ian McEwan,3.54
225,Heart of Darkness,Joseph Conrad,3.43
226,Cat’s Cradle,Kurt Vonnegut Jr.,4.15
227,Alive: The Story of the Andes Survivors,Piers Paul Read,4.14
228,"New Moon (The Twilight Saga, #2)",Stephenie Meyer,3.61
229,The Picture of Dorian Gray,Oscar Wilde,4.13
230,East of Eden,John Steinbeck,4.42
231,Dracula,Bram Stoker,4.02
232,The Wind-Up Bird Chronicle,Haruki Murakami,4.14
233,Kafka on the Shore,Haruki Murakami,4.12
234,The Piano Teacher,Elfriede Jelinek,3.6
235,All Quiet on the Western Front,Erich Maria Remarque,4.09
236,The Unbearable Lightness of Being,Milan Kundera,4.11
237,"Off Season (Dead River, #1)",Jack Ketchum,3.76
238,The Reader,Bernhard Schlink,3.78
239,Mysterious Skin,Scott Heim,4.15
240,On the Beach,Nevil Shute,3.97
241,The 120 Days of Sodom and Other Writings,Marquis de Sade,3.44
242,The Secret History,Donna Tartt,4.17
243,From Hell,Alan             Moore,4.19
244,Dr. Jekyll and Mr. Hyde,Robert Louis Stevenson,3.83
245,"My Sweet Audrina (Audrina, #1)",V.C. Andrews,3.87
246,"The Numbing (Whiteout, #3)",Flint Maxwell,4.15
247,The Chestnut Man,Søren Sveistrup,4.21
248,Not Okay,Brett Axel,4.46
249,The Fall of the House of Usher and Other Tales,Edgar Allan Poe,4.17
250,"Girl, Interrupted",Susanna Kaysen,3.94
251,The Demon,Hubert Selby Jr.,3.9
252,The Killer Inside Me,Jim Thompson,3.86
253,Night Shift,Stephen        King,4.04
254,And Then There Were None,Agatha Christie,4.28
255,"The Talented Mr. Ripley (Ripley, #1)",Patricia Highsmith,3.95
256,The Haunting of Hill House,Shirley Jackson,3.82
257,A Million Little Pieces,James Frey,3.69
258,"The Claiming of Sleeping Beauty (Sleeping Beauty, #1)",A.N. Roquelaure,3.22
259,"The City of Light (Whiteout, #4)",Flint Maxwell,4.2
260,I Have No Mouth & I Must Scream,Harlan Ellison,3.9
261,The Troop,Nick Cutter,3.84
262,Rose Madder,Stephen        King,3.75
263,Still Alice,Lisa Genova,4.32
264,Hamlet (The Annotated Shakespeare),William Shakespeare,4.02
265,Into the Darkest Corner,Elizabeth Haynes,4.07
266,Intercepts,T.J. Payne,4.11
267,Hogg,Samuel R. Delany,2.96
268,Survivor Song,Paul Tremblay,3.62
269,The Plague,Albert Camus,4.02
270,Night of the Mannequins,Stephen Graham Jones,3.32
271,Replay,Ken Grimwood,4.15
272,Unspeakable Things,Jess Lourey,3.8
273,If I Did It: Confessions of the Killer,O.J. Simpson,3.31
274,’Salem’s Lot,Stephen        King,4.1
275,"Books of Blood: Volumes One to Three (Books of Blood, #1-3)",Clive Barker,4.19
276,The Cabin at the End of the World,Paul Tremblay,3.33
277,Identical,Ellen Hopkins,4.29
278,Atlas Shrugged,Ayn Rand,3.69
279,The Giving Tree,Shel Silverstein,4.38
280,"Full Dark, No Stars",Stephen        King,4.08
281,Sour Candy,Kealan Patrick Burke,3.63
282,Disgrace,J.M. Coetzee,3.85
283,The Sluts,Dennis Cooper,3.78
284,"Bird Box (Bird Box, #1)",Josh Malerman,4.04
285,Gravity’s Rainbow,Thomas Pynchon,4.01
286,Stanley Kubrick's A Clockwork Orange,Stanley Kubrick,4.24
287,The World According to Garp,John Irving,4.1
288,"The Angel of Vengeance (Glimpse into Hell, #1)",Wade H. Garrett,4.04
289,"The Host (The Host, #1)",Stephenie Meyer,3.86
290,A Simple Favor,Darcey Bell,3.28
291,The Outsiders,S.E. Hinton,4.14
292,"Darkly Dreaming Dexter (Dexter, #1)",Jeff Lindsay,3.9
293,The Devil All the Time,Donald Ray Pollock,4.14
294,"King Leopold's Ghost: A Story of Greed, Terror, and Heroism in Colonial Africa",Adam Hochschild,4.18
295,The Lottery,Shirley Jackson,4.05
296,"If There Be Thorns (Dollanganger, #3)",V.C. Andrews,3.78
297,The Crucible,Arthur Miller,3.61
298,Forbidden,Tabitha Suzuma,3.96
299,Diary,Chuck Palahniuk,3.65
300,Where the Wild Things Are,Maurice Sendak,4.25
301,Under the Dome,Stephen        King,3.93
302,Coin Locker Babies,Ryū Murakami,3.79
303,No Country for Old Men,Cormac McCarthy,4.16
304,High-Rise,J.G. Ballard,3.61
305,Let's Go Play at the Adams',Mendal W. Johnson,3.41
306,The Dirty Truth,T.J. Anderson,4.31
307,The Turn of the Screw,Henry James,3.39
308,And the Ass Saw the Angel,Nick Cave,3.85
309,The Complete Grimm's Fairy Tales,Jacob Grimm,4.24
310,Heart of a Dog,Mikhail Bulgakov,4.09
311,"The Snow (Whiteout, #1)",Flint Maxwell,3.73
312,The Cadaver Factory,Kenneth Jarrett Singleton,4.4
313,The Dark Half,Stephen        King,3.81
314,Atonement,Ian McEwan,3.94
315,"The Dark Winter (Whiteout, #2)",Flint Maxwell,4.02
316,Desperation,Stephen        King,3.86
317,Thinner,Richard  Bachman,3.77
318,The Scarlet Letter,Nathaniel Hawthorne,3.44
319,The Fifth Child,Doris Lessing,3.63
320,Infidel,Ayaan Hirsi Ali,4.2
321,"Wicked: The Life and Times of the Wicked Witch of the West (The Wicked Years, #1)",Gregory Maguire,3.53
322,A Disturbed Girl's Guide to Curing Boredom,James   Howell,3.72
323,Macbeth,William Shakespeare,3.89
324,Death of a Salesman,Arthur Miller,3.58
325,Mein Kampf,Adolf Hitler,3.18
326,Angela's Ashes: A Memoir of a Childhood,Frank McCourt,4.15
327,"Porno (Mark Renton, #3)",Irvine Welsh,3.84
328,The Dice Man,Luke Rhinehart,3.55
329,Jude the Obscure,Thomas Hardy,3.83
330,Frisk,Dennis Cooper,3.66
331,"The Millennium Trilogy (Millennium Trilogy, #1-3)",Stieg Larsson,4.47
332,The Wave,Todd Strasser,3.61
333,Sarah's Key,Tatiana de Rosnay,4.18
334,Insomnia,Stephen        King,3.84
335,Little Bee,Chris Cleave,3.72
336,A Disturbed Girl's Redemption,James   Howell,4.49
337,The Poisonwood Bible,Barbara Kingsolver,4.1
338,A Stolen Life,Jaycee Dugard,3.96
339,The Rules of Attraction,Bret Easton Ellis,3.72
340,Stiff: The Curious Lives of Human Cadavers,Mary Roach,4.07
341,Audition,Ryū Murakami,3.5
342,"Fifty Shades Freed (Fifty Shades, #3)",E.L. James,3.83
343,Ulysses,James Joyce,3.76
344,The Death of Bunny Munro,Nick Cave,3.44
345,"Crank (Crank, #1)",Ellen Hopkins,4.16
346,Middlesex,Jeffrey Eugenides,4.04
347,Cruddy,Lynda Barry,4.16
348,The White Hotel,D.M. Thomas,3.84
349,A Scanner Darkly,Philip K. Dick,4.03
350,Ubik,Philip K. Dick,4.11
351,"The Sparrow (The Sparrow, #1)",Mary Doria Russell,4.14
352,Dark Rooms,Lili Anolik,3.14
353,Money,Martin Amis,3.7
354,Moon Palace,Paul Auster,3.98
355,The Bad Seed,William March,4.01
356,Survivor,Chuck Palahniuk,3.93
357,"Splatterpunk: An Extreme Horror Novel (A Glimpse into Hell, #3)",Wade H. Garrett,4.42
358,The Devil of Nanking,Mo Hayder,3.92
359,"The Blade Artist (Mark Renton, #4)",Irvine Welsh,3.83
360,Almost Transparent Blue,Ryū Murakami,3.29
361,Prozac Nation,Elizabeth Wurtzel,3.63
362,Needful Things,Stephen        King,3.98
363,Survivor,J.F. Gonzalez,3.8
364,4 3 2 1,Paul Auster,3.97
365,Save Yourself,Kelly Braffet,3.48
366,Solaris,Stanisław Lem,3.99
367,Mommie Dearest,Christina Crawford,3.67
368,Make Room! Make Room!,Harry Harrison,3.71
369,The Master and Margarita,Mikhail Bulgakov,4.29
370,Apt Pupil,Stephen        King,3.92
371,"Psycho (Psycho, #1)",Robert Bloch,4.13
372,"The Descent (Descent, #1)",Jeff Long,3.94
373,"The Angel of Death: An Extreme Horror Novel (A Glimpse into Hell, #2)",Wade H. Garrett,4.51
374,The Elementary Particles,Michel Houellebecq,3.8
375,Pygmy,Chuck Palahniuk,2.99
376,Nobody Move,Denis Johnson,3.35
377,Junky,William S. Burroughs,3.85
378,Human Cruelty,Wade H. Garrett,4.32
379,The Running Man,Richard  Bachman,3.9
380,The Little Match Girl,Hans Christian Andersen,4.1
381,The Rum Diary,Hunter S. Thompson,3.85
382,The Comfort of Strangers,Ian McEwan,3.39
383,The Fall,Albert Camus,4.04
384,Imperial Bedrooms,Bret Easton Ellis,3.2
385,The Information,Martin Amis,3.61
386,"Book of Mormon, Doctrine and Covenants, Pearl of Great Price",The Church of Jesus Christ of Latter-day Saints,4.36
387,The Marbled Swarm,Dennis Cooper,3.47
388,Bury My Heart at Wounded Knee: An Indian History of the American West,Dee Brown,4.26
389,Piercing,Ryū Murakami,3.69
390,Life of Pi,Yann Martel,3.94
391,"Gone (Gone, #1)",Michael  Grant,3.87
392,"Memnoch the Devil (The Vampire Chronicles, #5)",Anne Rice,3.76
393,Blood and Guts in High School,Kathy Acker,3.46
394,The Mist,Stephen        King,3.94
395,"The New York Trilogy (New York Trilogy, #1-3)",Paul Auster,3.87
396,Meat,Joseph D'Lacey,3.87
397,The Book Thief,Markus Zusak,4.39
398,The Third Policeman,Flann O'Brien,3.97
399,"Tropic of Cancer (Tropic, #1)",Henry Miller,3.66
400,"Maus I: A Survivor's Tale: My Father Bleeds History (Maus, #1)",Art Spiegelman,4.39
401,Coraline,Neil Gaiman,4.13
402,Nira/Sussa,Julian Darius,3.77
403,Island,Aldous Huxley,3.85
404,Cell,Stephen        King,3.66
405,The Book of Illusions,Paul Auster,3.9
406,Native Son,Richard Wright,4.03
407,Pale Fire,Vladimir Nabokov,4.17
408,A Disturbed Girl Implodes,James   Howell,4.4
409,The Memory Keeper's Daughter,Kim Edwards,3.7
410,"Ring (Ring, #1)",Kōji Suzuki,3.79
411,The Name of the Rose,Umberto Eco,4.14
412,My Lobotomy: A Memoir,Howard Dully,3.75
413,Women,Charles Bukowski,3.81
414,Sold,Patricia McCormick,4.23
415,Train Dreams,Denis Johnson,3.89
416,Wintergirls,Laurie Halse Anderson,3.96
417,The Gargoyle,Andrew  Davidson,3.97
418,القرآن الكريم,Anonymous,4.38
419,Intensity,Dean Koontz,4.04
420,2666,Roberto Bolaño,4.21
421,Ghost Story,Peter Straub,3.92
422,Darkness at Noon,Arthur Koestler,4.11
423,The Heart Is Deceitful Above All Things: Stories,J.T. LeRoy,3.63
424,"Seeds of Yesterday (Dollanganger, #4)",V.C. Andrews,3.84
425,The Grifters,Jim Thompson,3.93
426,"Eclipse (The Twilight Saga, #3)",Stephenie Meyer,3.73
427,Fall on Your Knees,Ann-Marie MacDonald,3.97
428,Horns,Joe Hill,3.93
429,The Drowned World,J.G. Ballard,3.48
430,The Children Act,Ian McEwan,3.73
431,"Tiger, Tiger",Margaux Fragoso,3.75
432,The Perks of Being a Wallflower,Stephen Chbosky,4.23
433,On the Road,Jack Kerouac,3.61
434,Nutshell,Ian McEwan,3.68
435,"The Reckoning: An Extreme Horror Novel (A Glimpse into Hell, # 5)",Wade H. Garrett,4.44
436,Daddy Love,Joyce Carol Oates,3.44
437,Memoirs of a Geisha,Arthur Golden,4.16
438,"Fifty Shades Darker (Fifty Shades, #2)",E.L. James,3.83
439,Marabou Stork Nightmares,Irvine Welsh,3.92
440,Madame Bovary,Gustave Flaubert,3.7
441,"The Rats (Rats, #1)",James Herbert,3.92
442,Extremely Loud & Incredibly Close,Jonathan Safran Foer,3.97
443,The Sailor Who Fell from Grace with the Sea,Yukio Mishima,3.84
444,The Stepford Wives,Ira Levin,3.86
445,My Dark Vanessa,Kate Elizabeth Russell,4.1
446,"The Summer I Died (The Roger Huntington Saga, #1)",Ryan C. Thomas,3.88
447,Filthy Movie – The Most Sadistic Short Story on the Market,Wade H. Garrett,3.55
448,"American Gods (American Gods, #1)",Neil Gaiman,4.11
449,House of Sand and Fog,Andre Dubus III,3.86
450,The End of Everything,Megan Abbott,3.35
451,The Hotel New Hampshire,John Irving,3.93
452,Queer,William S. Burroughs,3.54
453,Concrete Island,J.G. Ballard,3.68
454,Invisible,Paul Auster,3.74
455,The Pearl,John Steinbeck,3.55
456,The Bedroom Secrets of the Master Chefs,Irvine Welsh,3.54
457,"The complete “A Glimpse into Hell” series - 6 books, 215 chapters, 1800 pages, 650K words of pure gore",Wade H. Garrett,4.59
458,A Long Way Gone: Memoirs of a Boy Soldier,Ishmael Beah,4.16
459,"The Gulag Archipelago: An Experiment in Literary Investigation, Volume 1",Aleksandr Solzhenitsyn,4.37
460,Wir Kinder vom Bahnhof Zoo,Christiane V. Felscherinow,4.35
461,12 Years a Slave,Solomon Northup,4.22
462,Towelhead,Alicia Erian,3.68
463,A Simple Plan,Scott        Smith,3.91
464,The Kindly Ones,Jonathan Littell,4.02
465,Hell's Angels,Hunter S. Thompson,3.98
466,"Divergent (Divergent, #1)",Veronica Roth,4.14
467,Dead Men's Trousers,Irvine Welsh,4.18
468,The Divine Comedy: Inferno - Purgatorio - Paradiso,Dante Alighieri,4.08
469,Nausea,Jean-Paul Sartre,3.94
470,"Infected (Infected, #1)",Scott Sigler,3.83
471,Falling Leaves,Adeline Yen Mah,3.91
472,Glue,Irvine Welsh,3.9
473,Rage,Richard  Bachman,3.72
474,The Soft Machine (The Nova Trilogy #1),William S. Burroughs,3.44
475,And Then Run,Eric Hublot,3.49
476,"The Butterfly Garden  (The Collector, #1)",Dot Hutchison,4.09
477,Rape: A Love Story,Joyce Carol Oates,3.64
478,Dracula Usborne Classics Retold,Mike Stocks,4.06
479,Midnight Sun [2008 Draft],Stephenie Meyer,4.01
480,The Doors of Perception & Heaven and Hell,Aldous Huxley,3.91
481,"Books of Blood, Volumes Four to Six (Books of Blood, #4-6)",Clive Barker,4.28
482,She’s Come Undone,Wally Lamb,3.91
483,Hunger,Knut Hamsun,4.05
484,A Head Full of Ghosts,Paul Tremblay,3.79
485,Tree of Smoke,Denis Johnson,3.6
486,The Ice Man: Confessions of a Mafia Contract Killer,Philip Carlo,4.15
487,Invisible Cities,Italo Calvino,4.11
488,"The Golden Compass (His Dark Materials, #1)",Philip Pullman,4.03
489,We Were Liars,E. Lockhart,3.66
490,The Devil's Missal,Cathy Dobson,4.2
491,We Wish to Inform You That Tomorrow We Will Be Killed with Our Families,Philip Gourevitch,4.22
492,Jesus’ Son,Denis Johnson,4.12
493,The Rise and Fall of the Third Reich: A History of Nazi Germany,William L. Shirer,4.22
494,Tales of Ordinary Madness,Charles Bukowski,3.85
495,Adjustment Day,Chuck Palahniuk,3.2
496,"This Way for the Gas, Ladies and Gentlemen",Tadeusz Borowski,4.12
497,"Faust, First Part",Johann Wolfgang von Goethe,3.86
498,Clown Girl,Monica Drake,3.49
499,If on a Winter’s Night a Traveler,Italo Calvino,4.03
500,The Day of the Triffids,John Wyndham,4.01
501,Breakfast of Champions,Kurt Vonnegut Jr.,4.07
502,Animal Farm / 1984,George Orwell,4.3
503,"Crime (Ray Lennox, #1)",Irvine Welsh,3.65
504,Something Wicked This Way Comes,Ray Bradbury,3.9
505,Stranger in a Strange Land,Robert A. Heinlein,3.92
506,Mister B. Gone,Clive Barker,3.35
507,The Castle,Franz Kafka,3.93
508,The Unwords,Non Nomen,3.66
509,Things Have Gotten Worse Since We Last Spoke,Eric LaRocca,2.95
510,The Bachman Books,Richard  Bachman,4.15
511,Novel with Cocaine,M. Ageyev,3.84
512,Time's Arrow,Martin Amis,3.76
513,Ham on Rye,Charles Bukowski,4.14
514,Invisible Man,Ralph Ellison,3.92
515,The Minds of Billy Milligan,Daniel Keyes,4.28
516,Eyewitness Auschwitz: Three Years in the Gas Chambers,Filip Müller,4.28
517,Howl and Other Poems,Allen Ginsberg,4.13
518,I'm Thinking of Ending Things,Iain Reid,3.54
519,The Hellbound Heart,Clive Barker,4.08
520,Penpal,Dathan Auerbach,3.86
521,What Is the What,Dave Eggers,4.14
522,The Immortal Life of Henrietta Lacks,Rebecca Skloot,4.12
523,"One Second After (After, #1)",William R. Forstchen,3.98
524,The Consumer,Michael Gira,3.71
525,"The Fourth Monkey (4MK Thriller, #1)",J.D. Barker,4.26
526,Skeleton Crew,Stephen        King,3.97
527,The Red Badge of Courage,Stephen Crane,3.29
528,Big Sur,Jack Kerouac,3.84
529,Die verlorene Ehre der Katharina Blum,Heinrich Böll,3.69
530,Notes of a Dirty Old Man,Charles Bukowski,3.92
531,The Coma,Alex Garland,3.39
532,Mygale,Thierry Jonquet,3.93
533,The Dreamers,Gilbert Adair,3.63
534,The God of Small Things,Arundhati Roy,3.96
535,"Impulse (Impulse, #1)",Ellen Hopkins,4.26
536,"Wideacre  (The Wideacre Trilogy, #1)",Philippa Gregory,3.36
537,"Sex, Drugs, and Cocoa Puffs: A Low Culture Manifesto",Chuck Klosterman,3.74
538,Tobacco Road,Erskine Caldwell,3.71
539,The Kiss,Kathryn Harrison,3.56
540,Sickened: The Memoir of a Munchausen by Proxy Childhood,Julie Gregory,3.74
541,Survival in Auschwitz,Primo Levi,4.34
542,The Vegetarian,Han Kang,3.63
543,Still Missing,Chevy Stevens,
544,Dead Babies,Martin Amis,3.38
545,Empire of the Senseless,Kathy Acker,3.69
546,In Search of Captain Zero: A Surfer's Road Trip Beyond the End of the Road,Allan C. Weisbecker,4.12
547,Dare Me,Megan Abbott,3.24
548,Suffer the Children,John Saul,3.92
549,The Almost Moon,Alice Sebold,2.72
550,"Things Fall Apart (The African Trilogy, #1)",Chinua Achebe,3.74
551,Invitation to a Beheading,Vladimir Nabokov,3.92
552,Deranged: The Shocking True Story of America's Most Fiendish Killer,Harold Schechter,3.96
553,Narcopolis,Jeet Thayil,3.44
554,The Call of the Void,Reece LeResche,4.36
555,A Good Man Is Hard to Find and Other Stories,Flannery O'Connor,4.17
556,All the Ugly and Wonderful Things,Bryn Greenwood,3.99
557,"The Maze Runner (The Maze Runner, #1)",James Dashner,4.05
558,Diamond Eyes (Mira Chambers #1),A.A. Bell,3.88
559,The Monster of Florence,Douglas Preston,3.76
560,Ama,Daniel MacKillican,3.79
561,The Conspiracy Against the Human Race,Thomas Ligotti,4.03
562,Tender Morsels,Margo Lanagan,3.59
563,Her Fearful Symmetry,Audrey Niffenegger,3.27
564,Angels,Denis Johnson,3.98
565,"Tropic of Capricorn (Tropic, #2)",Henry Miller,3.81
566,Batavia's Graveyard: The True Story of the Mad Heretic Who Led History's Bloodiest Mutiny,Mike Dash,4.16
567,A Fine Balance,Rohinton Mistry,4.38
568,Divine Secrets of the Ya-Ya Sisterhood,Rebecca Wells,3.86
569,おやすみプンプン 1 [Oyasumi Punpun 1],Inio Asano,4.17
570,Three Past Midnight: The Library Policeman,Stephen        King,3.85
571,"Burned (Burned, #1)",Ellen Hopkins,4.25
572,Surrender,Sonya Hartnett,3.66
573,Death in Venice,Thomas Mann,3.74
574,Tideland,Mitch Cullin,3.68
575,"A Storm of Swords (A Song of Ice and Fire, #3)",George R.R. Martin,4.55
576,Brighton Rock,Graham Greene,3.69
577,Beautiful You,Chuck Palahniuk,3.05
578,At the Mountains of Madness,H.P. Lovecraft,3.8
579,A Portrait of the Artist as a Young Man,James Joyce,3.64
580,The Brothers Karamazov,Fyodor Dostoevsky,4.38
581,Sometimes a Great Notion,Ken Kesey,4.26
582,The Fuck-Up,Arthur Nersesian,3.59
583,"3,096 Days",Natascha Kampusch,3.96
584,Small Sacrifices,Ann Rule,4.25
585,Equus,Peter Shaffer,3.92
586,Generation X: Tales for an Accelerated Culture,Douglas Coupland,3.74
587,Dreamcatcher,Stephen        King,3.66
588,Hope: A Tragedy,Shalom Auslander,3.45
589,"Deadly Captive (Deadly Captive, #1)",Bianca Sommerland,3.46
590,Wise Blood,Flannery O'Connor,3.83
591,Deliverance,James Dickey,3.89
592,Roots: The Saga of an American Family,Alex Haley,4.44
593,The Great Gatsby,F. Scott Fitzgerald,3.93
594,The Monk,Matthew Gregory Lewis,3.84
595,Voluntary Madness,Vicki Hendricks,3.7
596,"1Q84 (1Q84, #1-3)",Haruki Murakami,3.95
597,The Complete Stories and Poems,Edgar Allan Poe,4.4
598,The Casual Vacancy,J.K. Rowling,3.31
599,"A Clash of Kings  (A Song of Ice and Fire, #2)",George R.R. Martin,4.42
600,The Protocols of the Learned Elders of Zion,Matvei Vasilyevich Golovinski,3.25
601,Such a Pretty Girl,Laura Wiess,3.86
602,The Informers,Bret Easton Ellis,3.4
603,Brave New World and Brave New World Revisited,Aldous Huxley,4.16
604,Thérèse Raquin,Émile Zola,3.73
605,Dark Matter,Blake Crouch,4.14
606,Defending Jacob,William Landay,
607,"Stolen (Stolen, #1)",Lucy Christopher,3.89
608,I Know My First Name is Steven: The True Story of the Steven Stayner Abduction Case,Mike  Echols,4.16
609,The Largesse of the Sea Maiden,Denis Johnson,3.94
610,My Friend Dahmer: A Graphic Novel,Derf Backderf,3.91
611,The Butcher Boy,Patrick McCabe,3.83
612,Picnic at Hanging Rock,Joan Lindsay,3.66
613,Song of Kali,Dan Simmons,3.61
614,The V Girl: A Coming of Age Story,Mya Robarts,3.97
615,Satan Burger,Carlton Mellick III,3.56
616,"The Monstrumologist (The Monstrumologist, #1)",Rick Yancey,3.91
617,The Goldfinch,Donna Tartt,3.96
618,"Gyo, Vol. 1",Junji Ito,3.84
619,Moon Tiger,Penelope Lively,3.91
620,"Empathy (Empathy, #1)",Ker Dukey,
621,Into the Wild,Jon Krakauer,4.01
622,Monster Love,Carol Topolski,3.55
623,A Prayer for Owen Meany,John Irving,4.24
624,Kindred,Octavia E. Butler,4.31
625,But What If We're Wrong? Thinking About the Present As If It Were the Past,Chuck Klosterman,3.66
626,The Man in the High Castle,Philip K. Dick,3.6
627,"The Notebook, The Proof, The Third Lie: Three Novels",Ágota Kristóf,4.41
628,The Bunker Diary,Kevin Brooks,3.8
629,おやすみプンプン コミック 全13巻完結セット,Inio Asano,4.67
630,Right to Life,Jack Ketchum,3.53
631,World War Z: An Oral History of the Zombie War,Max Brooks,4.02
632,Change We Can Believe In: Barack Obama's Plan to Renew America's Promise,Obama for Change,3.77
633,The Bone People,Keri Hulme,4.04
634,Communion: A True Story,Whitley Strieber,3.52
635,Le Bruit et la Fureur,William Faulkner,3.86
636,Heart of Darkness and The Secret Sharer,Joseph Conrad,3.51
637,The Regulators,Richard  Bachman,3.72
638,Tweak: Growing Up On Methamphetamines,Nic Sheff,3.98
639,The Woman in Black,Susan         Hill,3.75
640,"Annihilation (Southern Reach, #1)",Jeff VanderMeer,3.78
641,Earthlings,Sayaka Murata,3.6
642,"Uzumaki: Spiral into Horror, Vol. 1",Junji Ito,4.43
643,Running Wild,J.G. Ballard,3.58
644,Kin,Kealan Patrick Burke,3.88
645,Looking for Mr. Goodbar,Judith Rossner,3.67
646,Paddy Clarke Ha Ha Ha,Roddy Doyle,3.75
647,The Fever,Megan Abbott,3.1
648,Playground,Aron Beauregard,3.46
649,Fatal Vision,Joe McGinniss,4.12
650,Hollywood,Charles Bukowski,3.81
651,Night Stalker: The Life and Crimes of Richard Ramirez,Philip Carlo,4.02
652,Song of the Silent Snow,Hubert Selby Jr.,3.84
653,"Charles Manson: Coming Down Fast, A Chilling Biography",Simon Wells,3.9
654,House of Secrets,Lowell Cauffiel,3.97
655,Flow Down Like Silver,Ki Longfellow,4.01
656,I Know This Much Is True,Wally Lamb,4.21
657,Baise-Moi,Virginie Despentes,3.51
658,Inside Scientology: The Story of America's Most Secretive Religion,Janet Reitman,3.87
659,Dubliners,James Joyce,3.84
660,The Book of Lies,Aleister Crowley,3.82
661,The End of the Affair,Graham Greene,3.9
662,"Seduced in the Dark (The Dark Duet, #2)",C.J. Roberts,4.27
663,Vurt,Jeff Noon,4.04
664,"Heartsick (Archie Sheridan & Gretchen Lowell, #1)",Chelsea Cain,3.93
665,"If You Liked School, You'll Love Work",Irvine Welsh,3.47
666,Waiting Period,Hubert Selby Jr.,3.4
667,"The Amber Spyglass (His Dark Materials, #3)",Philip Pullman,4.1
668,The Sex Lives of Siamese Twins,Irvine Welsh,3.66
669,"Kiss Me, Judas",Will Christopher Baer,3.81
670,No Longer Human,Osamu Dazai,3.97
671,Franz Kafka's The Castle,David Fishelson,4.1
672,"I Am Her... (I Am Her..., #1)",Sarah Ann Walker,3.95
673,Growth of the Soil,Knut Hamsun,4.23
674,"Finding Me: A Decade of Darkness, a Life Reclaimed - A Memoir of the Cleveland Kidnappings",Michelle Knight,4.17
675,"Justine, Philosophy in the Bedroom, and Other Writings",Marquis de Sade,3.7
676,The Feast of the Goat,Mario Vargas Llosa,4.34
677,"A Decent Ride (Terry Lawson, #3)",Irvine Welsh,3.9
678,Apathy and Other Small Victories,Paul Neilan,3.82
679,When the Wind Blows,Raymond Briggs,4.28
680,"Brilliance (Brilliance Saga, #1)",Marcus Sakey,3.98
681,The Old Man and the Sea,Ernest Hemingway,3.81
682,The Magus,John Fowles,4.05
683,Night Film,Marisha Pessl,3.78
684,"Bunny (Bunny, #1)",Mona Awad,3.49
685,"Justine, or The Misfortunes of Virtue",Marquis de Sade,3.42
686,Monster,Walter Dean Myers,3.73
687,Heart-Shaped Box,Joe Hill,3.84
688,"Beauty's Punishment (Sleeping Beauty, #2)",A.N. Roquelaure,3.63
689,"A Wrinkle in Time (A Wrinkle in Time Quintet, #1)",Madeleine L'Engle,3.98
690,Baby Teeth,Zoje Stage,3.6
691,Against Nature,Joris-Karl Huysmans,3.8
692,The Awakening,Kate Chopin,3.68
693,Ecstasy,Irvine Welsh,3.61
694,Delta of Venus,Anaïs Nin,3.61
695,"Tricks (Tricks, #1)",Ellen Hopkins,4.28
696,The Sexy Part of the Bible,Kola Boof,3.72
697,The Seven Days of Peter Crumb,Jonny Glynn,3.43
698,The Five Gates of Hell,Rupert Thomson,3.76
699,"Deviant: The Shocking True Story of Ed Gein, the Original ""Psycho""",Harold Schechter,3.91
700,Into Thin Air: A Personal Account of the Mt. Everest Disaster,Jon Krakauer,4.25
701,Closer,Dennis Cooper,3.67
702,I'll Be Gone in the Dark: One Woman's Obsessive Search for the Golden State Killer,Michelle McNamara,4.12
703,The Orphan Master's Son,ADAM JOHSON,4.07
704,We Disappear,Scott Heim,3.59
705,The Most Dangerous Game,Richard Connell,3.95
706,Midnight’s Children,Salman Rushdie,3.98
707,Bartleby the Scrivener,Herman Melville,3.93
708,"Preacher, Volume 1: Gone to Texas",Garth Ennis,4.16
709,Joyland,Stephen        King,3.93
710,Of Human Bondage,W. Somerset Maugham,4.15
711,"Joseph Fallen (The Estate, #0.5)",M.S. Willis,4.12
712,BOAT SHOES – SOLILOQUY OF A USELESS EATER: Book Two,Daire Feeney,4.73
713,Pomegranate Juice: Sacrilegious Tales of Dark Abrahamic Horror,Magnus Wilton,3.92
714,Foxe's Book of Martyrs,John Foxe,4.26
715,Leaving Isn't the Hardest Thing,Lauren  Hough,3.41
716,Total Abuse: Collected Writings 1984-1995,Peter Sotos,4.08
717,The Squatter,Jonathan  Dunne,3.9
718,The Book of Ruth,Jane Hamilton,3.86
719,The Way the Crow Flies,Ann-Marie MacDonald,4.12
720,A Question of Sanity,Katherine Black,4.23
721,"Hunger (Gone, #2)",Michael  Grant,4.02
722,Cosmic Banditos,A.C. Weisbecker,4.07
723,Asking For It,Louise O'Neill,
724,JPod,Douglas Coupland,3.71
725,Beatrice and Virgil,Yann Martel,3.18
726,The Willows,Algernon Blackwood,4.06
727,Leverage,Katherine Black,4.27
728,Watching People Burn,Julian Darius,4.01
729,Corpalism,Arun D. Ellis,3.37
730,Jimmy,William Malmborg,3.72
731,The House of Dolls,Ka-tzetnik 135633,3.74
732,Come Closer,Sara Gran,3.66
733,The Slave Factory,Julian Darius,4.06
734,Pedigree Crush with a Twisted Gene,Katherine Black,4.79
735,Genital Grinder,Ryan Harding,3.55
736,Nowhere Boulevard,Katherine Black,4.47
737,"Doctor Sleep (The Shining, #2)",Stephen        King,4.13
738,Lapvona,Ottessa Moshfegh,3.54
739,Damaged,Cathy Glass,4.27
740,Fail-Safe,Eugene Burdick,4.16
741,Succulent Prey,Wrath James White,3.76
742,False Memory,Dean Koontz,3.9
743,Trapped (The Konrath Dark Thriller Collective #4),J.A. Konrath,3.86
744,Harvest Home,Thomas Tryon,3.82
745,NOS4A2,Joe Hill,4.08
746,The Little Stranger,Sarah Waters,3.57
747,"Terrorscape (Horrorscape, #3)",Nenia Campbell,3.89
748,"Acheron (Dark-Hunter, #14)",Sherrilyn Kenyon,4.56
749,House,Frank E. Peretti,3.56
750,"Damned (Damned, #1)",Chuck Palahniuk,3.41
751,"The Girl with All the Gifts (The Girl With All the Gifts, #1)",M.R. Carey,3.95
752,The Mosquito Coast,Paul Theroux,3.81
753,"The Year of the Flood (MaddAddam Trilogy, #2)",Margaret Atwood,4.06
754,Treasure Island,Robert Louis Stevenson,3.85
755,The Corrections,Jonathan Franzen,3.84
756,Waiting for Godot,Samuel Beckett,3.84
757,Feed,M.T. Anderson,3.55
758,Koko,Peter Straub,3.6
759,"Garden of Shadows (Dollanganger, #5)",V.C. Andrews,3.94
760,Foucault’s Pendulum,Umberto Eco,3.91
761,After,Amy Efaw,3.73
762,Journey to the End of the Night,Louis-Ferdinand Céline,4.19
763,For Whom the Bell Tolls,Ernest Hemingway,3.98
764,Sarah,J.T. LeRoy,3.47
765,"Random Family: Love, Drugs, Trouble, and Coming of Age in the Bronx",Adrian Nicole LeBlanc,4.27
766,"I Am Not a Serial Killer (John Cleaver, #1)",Dan Wells,3.79
767,"Hater (Hater, #1)",David Moody,3.65
768,"The Chocolate War (Chocolate War, #1)",Robert Cormier,3.49
769,Killing Yourself to Live: 85% of a True Story,Chuck Klosterman,3.85
770,Whiteout,Ken Follett,3.67
771,Fledgling,Octavia E. Butler,3.81
772,Slammerkin,Emma Donoghue,3.75
773,The Chrysalids,John Wyndham,3.93
774,"Life After Life (Todd Family, #1)",Kate Atkinson,3.78
775,Sexing the Cherry,Jeanette Winterson,3.84
776,The Blind Assassin,Margaret Atwood,3.96
777,"The Treatment (Jack Caffery, #2)",Mo Hayder,4.03
778,"A Canticle for Leibowitz (St. Leibowitz, #1)",Walter M. Miller Jr.,3.99
779,"And the Band Played On: Politics, People, and the AIDS Epidemic",Randy Shilts,4.38
780,The Insult,Rupert Thomson,3.63
781,Pricksongs and Descants,Robert Coover,3.77
782,The General's Daughter,Nelson DeMille,4.11
783,The Mezzanine,Nicholson Baker,3.84
784,"Skulduggery Pleasant (Skulduggery Pleasant, #1)",Derek Landy,4.18
785,The Things They Carried,Tim O'Brien,4.14
786,"Perfect Victim: The True Story of ""The Girl in the Box"" by the D.A. Who Prosecuted Her Captor",Christine McGuire,
787,The Contortionist's Handbook,Craig Clevenger,3.97
788,Titus Andronicus,William Shakespeare,3.68
789,Black Like Me,John Howard Griffin,4.11
790,Complicity,Iain Banks,3.91
791,The Dinner,Herman Koch,3.21
792,"Crossed, Vol. 1",Garth Ennis,3.65
793,Billy,Whitley Strieber,3.72
794,Romeo and Juliet,William Shakespeare,3.74
795,What Happened to Cass McBride?,Gail Giles,3.71
796,"Devil in the Grove: Thurgood Marshall, the Groveland Boys, and the Dawn of a New America",Gilbert King,4.4
797,Cocaine Nights,J.G. Ballard,3.56
798,"The Spy Who Came In from the Cold (George Smiley, #3)",John Le Carré,4.08
799,The Outsider,Stephen        King,4.01
800,"I Hunt Killers (I Hunt Killers, #1)",Barry Lyga,4.01
801,The Death of Ivan Ilych,Leo Tolstoy,4.13
802,Dirty Snow,Georges Simenon,3.89
803,Zeitoun,Dave Eggers,4.05
804,Diary of a Madman,Nikolai Gogol,3.84
805,"Henry and June: The Unexpurgated Diary of Anaïs Nin, 1931-1932",Anaïs Nin,3.93
806,Revival,Stephen        King,3.8
807,The Weight of Water,Anita Shreve,3.65
808,"Blindsighted (Grant County, #1)",Karin Slaughter,4.1
809,Go Set a Watchman,Harper Lee,3.31
810,"The Death Cure (The Maze Runner, #3)",James Dashner,3.78
811,Great Expectations,Charles Dickens,3.8
812,The Storyteller,Jodi Picoult,4.3
813,Bring Me Back,B.A. Paris,3.5
814,Whispers,Dean Koontz,3.93
815,All Souls: A Family Story from Southie,Michael Patrick MacDonald,4.08
816,The Call of the Wild,Jack London,3.91
817,Slaves of New York,Tama Janowitz,3.52
818,"Lies (Gone, #3)",Michael  Grant,4.07
819,"The Black Dahlia (L.A. Quartet, #1)",James Ellroy,3.78
820,"Dark Angel (Casteel, #2)",V.C. Andrews,
821,"Bad Luck and Trouble (Jack Reacher, #11)",Lee Child,4.22
822,Divided Kingdom,Rupert Thomson,3.53
823,Water for Elephants,Sara Gruen,4.11
824,The Idiot,Fyodor Dostoevsky,4.21
825,My Loose Thread,Dennis Cooper,3.77
826,The Electric Kool-Aid Acid Test,Tom Wolfe,3.92
827,My Idea of Fun,Will Self,3.53
828,Lucky,Alice Sebold,3.77
829,First They Killed My Father: A Daughter of Cambodia Remembers,Loung Ung,4.35
830,Revolutionary Road,Richard Yates,3.93
831,"In the Woods (Dublin Murder Squad, #1)",Tana French,3.79
832,Escape,Carolyn Jessop,3.98
833,The Little Engine That Could,Watty Piper,4.19
834,Philosophy in the Boudoir,Marquis de Sade,3.43
835,Tell Me Your Dreams,Sidney Sheldon,3.99
836,"Never Go Back (Jack Reacher, #18)",Lee Child,4.09
837,The Curious Incident of the Dog in the Night-Time,Mark Haddon,3.89
838,"Flow My Tears, the Policeman Said",Philip K. Dick,3.91
839,"A Dance with Dragons (A Song of Ice and Fire, #5)",George R.R. Martin,4.34
840,Diary of a Lost Girl: The Autobiography of Kola Boof,Kola Boof,3.59
841,QB VII,Leon Uris,4.2
842,The Nazi Doctors: Medical Killing and the Psychology of Genocide,Robert Jay Lifton,4.12
843,Die Therapie,Sebastian Fitzek,4.17
844,Survival in the Killing Fields,Haing Ngor,4.55
845,The Basketball Diaries,Jim Carroll,3.99
846,A Woman in Berlin: Eight Weeks in the Conquered City: A Diary,Anonymous,4.28
847,Ruby,Cynthia Bond,3.65
848,The Crow Road,Iain Banks,4.09
849,"A Feast for Crows (A Song of Ice and Fire, #4)",George R.R. Martin,4.17
850,The Woman in the Dunes,Kōbō Abe,3.89
851,On Chesil Beach,Ian McEwan,3.62
852,Smoke and Mirrors: Short Fiction and Illusions,Neil Gaiman,4.01
853,Ordeal by Hunger: The Story of the Donner Party,George R. Stewart,4.08
854,Auto-da-Fé,Elias Canetti,4.02
855,Slander & DOUBT,Alistair Baillie,4.11
856,The Innocent Man,John Grisham,3.86
857,Life After Hell: Surviving Sexual Abuse,Gladys Quintal,4.25
858,"The Surgeon (Rizzoli & Isles, #1)",Tess Gerritsen,4.1
859,Feuchtgebiete,Charlotte Roche,2.87
860,"Wind from the Abyss (Silistra, #3)",Janet E. Morris,4.04
861,The Singularity is Coming: The Artificial Intelligence Explosion,Tony  Thorne,4.31
862,The Ocean at the End of the Lane,Neil Gaiman,4.02
863,Blue Meat Blues,Joshua McGrath,4.22
864,The California Butcher,Stephen  Rhoades,3.93
865,Sanctuary,William Faulkner,3.63
866,Spring Water,John     Fitzgerald,4.36
867,The People in the Trees,Hanya Yanagihara,3.73
868,The Seventh Word,Scott L. Smith,3.48
869,Hemlock Grove,Brian McGreevy,3.48
870,A Small Corner of Hell: Dispatches from Chechnya,Anna Politkovskaya,4.31
871,"The Hypnotist (Joona Linna, #1)",Lars Kepler,3.74
872,Notice,Heather  Lewis,3.35
873,A Wolf at the Table,Augusten Burroughs,3.75
874,Neuropath,R. Scott Bakker,3.52
875,A Feast of Snakes,Harry Crews,4.01
876,Survival Is Not Enough: Soviet Realities and America's Future,Richard Pipes,3.85
877,People Who Eat Darkness: The Fate of Lucie Blackman,Richard Lloyd Parry,3.79
878,Juliette,Marquis de Sade,3.68
879,The Woods Are Dark,Richard Laymon,3.54
880,"The Kill Order (The Maze Runner, #0.4)",James Dashner,3.71
881,The Passenger,Lisa Lutz,3.72
882,Mad Cowboy: Plain Truth from the Cattle Rancher Who Won't Eat Meat,Howard F. Lyman,4.13
883,Invisible Darkness,Stephen    Williams,3.9
884,Make Something Up: Stories You Can't Unread,Chuck Palahniuk,3.52
885,Assuming Names: A Con Artist's Masquerade,Tanya Thompson,3.66
886,The Bad Place,Dean Koontz,3.94
887,The Magic Castle: A Mother's Harrowing True Story Of Her Adoptive Son's Multiple Personalities-- And The Triumph Of Healing,Carole Smith,4.07
888,"Dearly Devoted Dexter (Dexter, #2)",Jeff Lindsay,3.87
889,Goth,Otsuichi,4.01
890,Nineteen Minutes,Jodi Picoult,4.17
891,The Audacity of Hope: Thoughts on Reclaiming the American Dream,Barack Obama,3.83
892,Snuff,Eric Enck,3.59
893,"Heaven (Casteel, #1)",V.C. Andrews,4.05
894,Charlotte Gray,Sebastian Faulks,3.83
895,Axolotl,Julio Cortázar,4.13
896,The Christmas Sweater,Glenn Beck,3.83
897,The Prince of Tides,Pat Conroy,4.26
898,The Terror,Dan Simmons,4.08
899,The Other,Thomas Tryon,3.98
900,Angler: The Cheney Vice Presidency,Barton Gellman,4.04
901,"Mr. Clarinet (Max Mingus, #1)",Nick Stone,3.77
902,"Dexter in the Dark (Dexter, #3)",Jeff Lindsay,3.57
903,Break Her,B.G. Harlen,3.51
904,Three Hundred Million,Blake Butler,3.54
905,Takeover: The Return of the Imperial Presidency and the Subversion of American Democracy,Charlie Savage,4.1
906,A Tale of Two Cities,Charles Dickens,3.87
907,The Theory and Practice of Hell,Eugen Kogon,4.24
908,Nothing,Janne Teller,3.71
909,The House of the Spirits,Isabel Allende,4.29
910,The Setting Sun,Osamu Dazai,3.98
911,Grotesque,Natsuo Kirino,3.74
912,The Virtue of Selfishness: A New Concept of Egoism,Ayn Rand,3.55
913,As Meat Loves Salt,Maria McCann,3.92
914,The Last House on Needless Street,Catriona Ward,3.84
915,"Horrorscape (Horrorscape, #2)",Nenia Campbell,3.74
916,Lethal Marriage: The Unspeakable Crimes of Paul Bernardo and Karla Homolka,Nick Pron,3.95
917,What's Eating Gilbert Grape,Peter Hedges,4.1
918,Auschwitz and After,Charlotte Delbo,4.42
919,"The Unbecoming of Mara Dyer (Mara Dyer, #1)",Michelle Hodkin,4.02
920,"Along Came a Spider (Alex Cross, #1)",James  Patterson,4.13
921,I Miss The World,Violet LeVoit,3.79
922,Even the Dogs,Jon McGregor,3.52
923,The October Country,Ray Bradbury,4.11
924,"The Flowers of Evil, Vol. 1",Shuzo Oshimi,3.8
925,Holy Bible: New International Version,Anonymous,4.62
926,Disclosure,Michael Crichton,3.8
927,The Satanic Verses,Salman Rushdie,3.71
928,The Wall,Marlen Haushofer,4.03
929,Knockemstiff,Donald Ray Pollock,3.98
930,Incidents in the Life of a Slave Girl,Harriet Ann Jacobs,4.16
931,Shame,Salman Rushdie,3.86
932,Lost Souls,Poppy Z. Brite,3.9
933,Barabbas,Pär Lagerkvist,3.87
934,"Angelfall (Penryn & the End of Days, #1)",Susan Ee,4.11
935,Fade,Robert Cormier,3.79
936,The Death of Mrs. Westaway,Ruth Ware,3.8
937,Uncle Tom's Cabin,Harriet Beecher Stowe,3.91
938,"Fallen (Will Trent, #5)",Karin Slaughter,4.23
939,"All That Remains (Kay Scarpetta, #3)",Patricia Cornwell,4.07
940,The Shoemaker,Flora Rheta Schreiber,3.75
941,Papillon,Henri Charrière,4.23
942,"Burning in Water, Drowning in Flame",Charles Bukowski,4.05
943,Cold Skin,Albert Sánchez Piñol,3.66
944,Educated,Tara Westover,4.47
945,Five Chimneys: A Woman Survivor's True Story of Auschwitz,Olga Lengyel,4.41
946,Life After God,Douglas Coupland,3.84
947,"Beauty's Release (Sleeping Beauty, #3)",A.N. Roquelaure,3.72
948,The Kid,Sapphire,2.7
949,"The Isle of Blood (The Monstrumologist, #3)",Rick Yancey,4.23
950,Do Androids Dream of Electric Sheep?,Philip K. Dick,4.09
951,The Great Santini,Pat Conroy,4.16
952,"American Assassin (Mitch Rapp, #1)",Vince Flynn,4.25
953,"Rainbow Six (John Clark, #2; Jack Ryan Universe, #10)",Tom Clancy,4.13
954,Genesis,Bernard Beckett,3.9
955,The Mayor of Casterbridge,Thomas Hardy,3.86
956,"Alone (Detective D.D. Warren, #1)",Lisa Gardner,3.97
957,"Barefoot Gen, Volume Two: The Day After",Keiji Nakazawa,4.38
958,Lisey's Story,Stephen        King,3.7
959,"The Curse of the Wendigo (The Monstrumologist, #2)",Rick Yancey,4.17
960,My Story,Elizabeth  Smart,3.88
961,Verity,Colleen Hoover,4.31
962,Where the Red Fern Grows,Wilson Rawls,4.12
963,"The Alienist (Dr. Laszlo Kreizler, #1)",Caleb Carr,4.06
964,Four Past Midnight,Stephen        King,3.95
965,The Lonely Polygamist,Brady Udall,3.52
966,"Temple of the Winds (Sword of Truth, #4)",Terry Goodkind,4.03
967,The Mysterious Stranger and Other Stories,Mark Twain,4.02
968,Urban Gothic,Brian Keene,3.75
969,The Book of Night Women,Marlon James,4.37
970,Luckiest Girl Alive,Jessica Knoll,3.54
971,"Sexus (The Rosy Crucifixion, #1)",Henry Miller,
972,L'Éducation sentimentale,Gustave Flaubert,3.81
973,Marathon Man,William Goldman,4.11
974,"Colder, Vol. 1",Paul Tobin,3.79
975,"Cold Vengeance (Pendergast, #11)",Douglas Preston,4.11
976,"The Silkworm (Cormoran Strike, #2)",Robert Galbraith,4.05
977,"The Expats (Kate Moore, #1)",Chris  Pavone,3.51
978,Five Days at Memorial: Life and Death in a Storm-Ravaged Hospital,Sheri Fink,3.93
979,"1st to Die (Women's Murder Club, #1)",James  Patterson,4.1
980,Dreams of Leaving,Rupert Thomson,3.86
981,I Never Promised You a Rose Garden,Hannah  Green,3.9
982,High on Arrival,Mackenzie Phillips,3.84
983,"The Hound of the Baskervilles (Sherlock Holmes, #5)",Arthur Conan Doyle,4.13
984,Where the Heart Is,Billie Letts,4.04
985,Fight Club 2,Chuck Palahniuk,3.05
986,Wake in Fright,Kenneth Cook,3.97
987,Night Train,Martin Amis,3.27
988,Under the Volcano,Malcolm Lowry,3.76
989,The Blood Countess,Andrei Codrescu,3.5
990,"The Oedipus Cycle: Oedipus Rex, Oedipus at Colonus, Antigone",Sophocles,3.99
991,Stolen Innocence,Elissa Wall,3.94
992,"Relic (Pendergast, #1)",Douglas Preston,4.05
993,"Birdman (Jack Caffery, #1)",Mo Hayder,3.89
994,Playground: A Childhood Lost Inside The Playboy Mansion,Jennifer Saginor,3.49
995,Reheated Cabbage,Irvine Welsh,3.68
996,"The Affair (Jack Reacher, #16)",Lee Child,4.16
997,"Alas, Babylon",Pat Frank,4.09
998,The Day of the Jackal,Frederick Forsyth,4.27
999,The Lost Boy (Dave Pelzer #2),Dave Pelzer,4.12
1000,Portrait of a Killer: Jack the Ripper - Case Closed,Patricia Cornwell,3.48
